{
    "text 1": {
        "text": "Утвержден\n29257777.509000.162.ЭД-ЛУ",
        "hor_skip": 2,
        "pos": "L"
    },
    "numeration_style": {
        "num_place": "H",
        "pos": "C",
        "num_type": "\\thepage\\\\"
    },
    "center_page_title": {
        "text": [
            "НАУЧНО-ИССЛЕДОВАТЕЛЬСКАЯ И ОПЫТНО-КОНСТРУКТОРСКАЯ РАБОТА ПО ТЕМЕ:",
            "«РАЗРАБОТКА ИНФОРМАЦИОННОЙ СИСТЕМЫ МОНИТОРИНГА ДЕЯТЕЛЬНОСТИ КОНТРОЛЬНО-НАДЗОРНЫХ ОРГАНОВ»"
        ],
        "pos": "C"
    },
    "text 2": {
        "text": "2023",
        "hor_skip": 0,
        "pos": "C"
    },
    "skip_numbering": {},
    "new_page": {},
    "title 1": {
        "text": "аннотация",
        "numbering": false,
        "pos": "C"
    },
    "text 3": {
        "text": "Данный документ является руководством оператора для информационной системы мониторинга деятельности контрольно-надзорных органов (далее ИС «Мониторинг», «система»).",
        "hor_skip": 2,
        "pos": "L"
    },
    "text 4": {
        "text": "В документе приводится общее описание назначения программного обеспечения, описание выполняемых функций, дано подробное описание графического интерфейса пользователя, описаны возможные ошибки и методы их устранения.",
        "hor_skip": 2,
        "pos": "L"
    },
    "new_page 2": {},
    "table": {},
    "new_page 20": {},
    "title 2": {
        "text": "НАЗНАЧЕНИЕ ПРОГРАММЫ",
        "numbering": true,
        "pos": "C"
    },
    "subtitle 1": {
        "text": "Область применения",
        "numbering": true,
        "pos": "L"
    },
    "text 5": {
        "text": "Система предназначена для автоматизации процесса мониторинга деятельности контрольно-надзорных органов. Система позволит осуществлять сбор данных о проводимых проверках, их результатах, дальнейшей классификацией результатов деятельности контрольно-надзорных органов по определенным критериям и показателям эффективности. ",
        "hor_skip": 2,
        "pos": "L"
    },
    "text 6": {
        "text": "Система предназначена для автоматизации процесса мониторинга деятельности контрольно-надзорных органов. Система позволит осуществлять сбор данных о проводимых проверках, их результатах, дальнейшей классификацией результатов деятельности контрольно-надзорных органов по определенным критериям и показателям эффективности. ",
        "hor_skip": 2,
        "pos": "L"
    },
    "subtitle 2": {
        "text": "Обзор данного документа",
        "numbering": true,
        "pos": "L"
    },
    "text 7": {
        "text": "Система предназначена для автоматизации процесса мониторинга деятельности контрольно-надзорных органов. Система позволит осуществлять сбор данных о проводимых проверках, их результатах, дальнейшей классификацией результатов деятельности контрольно-надзорных органов по определенным критериям и показателям эффективности. ",
        "hor_skip": 2,
        "pos": "L"
    },
    "text 8": {
        "text": "Система предназначена для автоматизации процесса мониторинга деятельности контрольно-надзорных органов. Система позволит осуществлять сбор данных о проводимых проверках, их результатах, дальнейшей классификацией результатов деятельности контрольно-надзорных органов по определенным критериям и показателям эффективности. ",
        "hor_skip": 2,
        "pos": "L"
    },
    "new_page 3": {},
    "title 3": {
        "text": "УСЛОВИЯ ВЫПОЛНЕНИЯ ПРОГРАММЫ",
        "numbering": true,
        "pos": "C"
    },
    "subtitle 3": {
        "text": "Уровень подготовки пользователей",
        "numbering": true,
        "pos": "L"
    },
    "text 9": {
        "text": "Данное руководство рассчитано на пользователей, имеющих предварительный опыт работы с операционной системой MS Windows XP и браузером MS Internet Explorer, а также владеющих положениями законодательства, затрагивающими автоматизируемый процесс.",
        "hor_skip": 2,
        "pos": "L"
    },
    "subsubtitle 1": {
        "text": "Технические средства",
        "numbering": true,
        "pos": "L"
    },
    "text 10": {
        "text": "1. Требования к серверу TomCat:",
        "hor_skip": 2,
        "pos": "L"
    },
    "text 11": {
        "text": "-\tобъем оперативной памяти: 2 Гб и выше.",
        "hor_skip": 2,
        "pos": "L"
    },
    "text 12": {
        "text": "-\tмаксимальный объем памяти, разрешенный для Oracle 10g Express Edition (XE): 1 Гб;",
        "hor_skip": 2,
        "pos": "L"
    },
    "text 13": {
        "text": "максимальный размер базы: 4 Гб.",
        "hor_skip": 2,
        "pos": "L"
    },
    "new_page 4": {},
    "title 4": {
        "text": "ОСНОВЫ РАБОТЫ С ПРОГРАММОЙ",
        "numbering": true,
        "pos": "C"
    },
    "text 14": {
        "text": "В данном разделе содержится информация, необходимая для новых пользователей системы.",
        "hor_skip": 2,
        "pos": "L"
    },
    "subtitle 4": {
        "text": "Подсистема «Публичная часть»",
        "numbering": true,
        "pos": "L"
    },
    "subsubtitle 2": {
        "text": "Запуск системы",
        "numbering": true,
        "pos": "L"
    },
    "text 15": {
        "text": "Для запуска системы необходимо создать ярлык с адресом сервера, на котором установлена серверная часть системы, либо вписать адрес непосредственно в строку адреса браузера (см. рисунок ниже).",
        "hor_skip": 2,
        "pos": "L"
    },
    "text 16": {
        "text": "Если адрес введен корректно, то после загрузки система отобразит форму авторизации.",
        "hor_skip": 2,
        "pos": "L"
    },
    "subsubtitle 3": {
        "text": "Управление доступом",
        "numbering": true,
        "pos": "L"
    },
    "text 17": {
        "text": "Новый пользователь, еще не имеющий доступа к системе и не являющийся администратором, получает персональное имя пользователя и пароль у своего Администратора.",
        "hor_skip": 2,
        "pos": "L"
    },
    "new_page 5": {},
    "title 5": {
        "text": "ВЫПОЛНЕНИЕ ПРОГРАММЫ",
        "numbering": true,
        "pos": "C"
    },
    "subtitle 5": {
        "text": "Работа с отчетами",
        "numbering": true,
        "pos": "L"
    },
    "text 18": {
        "text": "Загрузка шаблона отчета осуществляется в диалоге «Выбор шаблона для скачивания», для открытия которого необходимо в главном меню выбрать пункт «Главная -> Загрузить шаблон» (см. рисунок ниже).",
        "hor_skip": 2,
        "pos": "L"
    },
    "new_page 6": {},
    "title 6": {
        "text": "СООБЩЕНИЯ ОПЕРАТОРУ",
        "numbering": true,
        "pos": "C"
    },
    "text 19": {
        "text": "В ходе работы с системой оператору могут выдаваться сообщения, приведенные в таблице ниже.",
        "hor_skip": 2,
        "pos": "L"
    },
    "new_page 7": {},
    "title 7": {
        "text": "ПЕРЕЧЕНЬ СОКРАЩЕНИЙ",
        "numbering": true,
        "pos": "C"
    },
    "text 20": {
        "text": "asdasdasdads",
        "hor_skip": 2,
        "pos": "L"
    }
}