{
    "doc_style": {
        "numeration": {
            "num_place": "H",
            "pos": "C",
            "num_type": "\\thepage\\\\"
        }
    },
    "doc_data": {
        "center_page_title": {
            "text": "default center_page_title text",
            "numbering": true,
            "pos": "C"
        },
        "title": {
            "text": "default title text",
            "numbering": true,
            "pos": "C"
        },
        "subtitle": {
            "text": "default subtitle text",
            "numbering": true,
            "pos": "L"
        },
        "subsubtitle": {
            "text": "default subsubtitle text",
            "numbering": true,
            "pos": "L"
        },
        "paragraph": {
            "text": "default paragraph text",
            "numbering": true,
            "pos": "L"
        },
        "subparagraph": {
            "text": "default subparagraph text",
            "numbering": true,
            "pos": "C"
        },
        "text": {
            "text": "default text",
            "numbering": false,
            "pos": "L"
        },
        "image": {
            "pic_name": "default_name.png title text"
        },
        "number_of_pages": {
            "pos": "C"
        },
        "new_page": {
            "num": 1
        },
        "skip_numbering": {}
    }
}